file_id,cell_id,split
FastCharge_000015_CH4_structure.json,el150800737390,test
FastCharge_000002_CH18_structure.json,el150800737233,train
FastCharge_000002_CH10_structure.json,el150800737329,train
FastCharge_000039_CH27_structure.json,EL150800460507,train
FastCharge_000013_CH14_structure.json,EL150800463882,test
FastCharge_000073_CH35_structure.json,el150800460492,train
FastCharge_000045_CH2_structure.json,EL150800460486,train
FastCharge_000037_CH22_structure.json,EL150800460658,train
FastCharge_000024_CH45_structure.json,el150800460474,train
FastCharge_000067_CH41_structure.json,EL150800453773,train
FastCharge_000006_CH19_structure.json,el150800737270,test
FastCharge_000012_CH13_structure.json,el150800737280,test
FastCharge_000056_CH11_structure.json,el150800460602,test
FastCharge_000039_CH28_structure.json,EL150800460644,train
FastCharge_000015_CH12_structure.json,el150800737294,train
FastCharge_000044_CH12_structure.json,EL150800463871,train
FastCharge_000013_CH13_structure.json,EL150800463980,val
FastCharge_000021_CH28_structure.json,el150800460510,train
FastCharge_000018_CH18_structure.json,EL150800464881,val
FastCharge_000006_CH11_structure.json,el150800737313,val
FastCharge_000066_CH25_structure.json,EL150800460630,train
FastCharge_000062_CH47_structure.json,el150800460678,train
FastCharge_000036_CH48_structure.json,el150800460599,train
FastCharge_000006_CH3_structure.json,EL150800737380,train
FastCharge_000000_CH19_structure.json,el150800440551,val
FastCharge_000032_CH22_structure.json,el150800463245,train
FastCharge_000030_CH30_structure.json,el150800460449,val
FastCharge_000015_CH14_structure.json,el150800739476,test
FastCharge_000045_CH3_structure.json,EL150800460623,train
FastCharge_000051_CH16_structure.json,EL150800453113,train
FastCharge_000063_CH6_structure.json,EL150800464865,train
FastCharge_000005_CH18_structure.json,el150800460480,test
FastCharge_000012_CH15_structure.json,el150800737213,train
FastCharge_000072_CH34_structure.json,el150800460641,train
FastCharge_000064_CH39_structure.json,el150800460649,train
FastCharge_000001_CH16_structure.json,el150800737229,train
FastCharge_000037_CH21_structure.json,EL150800460472,val
FastCharge_000028_CH20_structure.json,EL150800460468,train
FastCharge_000071_CH40_structure.json,el150800460627,train
FastCharge_000045_CH1_structure.json,EL150800460514,train
FastCharge_000041_CH10_structure.json,el150800460605,val
FastCharge_000065_CH33_structure.json,EL150800460659,train
FastCharge_000020_CH23_structure.json,el150800460501,test
FastCharge_000066_CH26_structure.json,EL150800460617,train
FastCharge_000044_CH11_structure.json,EL150800464002,val
FastCharge_000022_CH24_structure.json,el150800460614,test
FastCharge_000025_CH7_structure.json,EL150800464883,train
FastCharge_000054_CH15_structure.json,el150800460634,test
FastCharge_000065_CH34_structure.json,EL150800463198,train
FastCharge_000061_CH43_structure.json,el150800460473,train
FastCharge_000067_CH42_structure.json,EL150800460642,train
FastCharge_000016_CH17_structure.json,el150800460478,val
FastCharge_000006_CH8_structure.json,el150800737369,train
FastCharge_000070_CH46_structure.json,el150800460613,train
FastCharge_000017_CH17_structure.json,el150800737307,train
FastCharge_000023_CH38_structure.json,EL150800460601,val
FastCharge_000068_CH38_structure.json,el150800460511,test
FastCharge_000027_CH31_structure.json,el150800460527,train
FastCharge_000034_CH27_structure.json,el150800460466,train
FastCharge_000069_CH25_structure.json,el150800460610,train
FastCharge_000060_CH29_structure.json,el150800463208,val
FastCharge_000043_CH16_structure.json,el150800460451,train
FastCharge_000023_CH37_structure.json,EL150800460506,train
FastCharge_000051_CH15_structure.json,EL150800463838,train
FastCharge_000063_CH5_structure.json,EL150800464977,val
FastCharge_000019_CH29_structure.json,EL150800460640,train
FastCharge_000014_CH23_structure.json,EL150800460653,val
FastCharge_000012_CH37_structure.json,el150800737251,test
FastCharge_000006_CH35_structure.json,el150800737259,train
FastCharge_000057_CH35_structure.json,EL150800460615,train
FastCharge_000053_CH42_structure.json,el150800460513,train
FastCharge_000002_CH42_structure.json,el150800737304,train
FastCharge_000046_CH31_structure.json,EL150800460433,train
FastCharge_000015_CH36_structure.json,el150800737287,val
FastCharge_000058_CH46_structure.json,EL150800460636,train
FastCharge_000014_CH24_structure.json,EL150800460522,train
FastCharge_000029_CH9_structure.json,EL150800465027,train
FastCharge_000006_CH27_structure.json,el150800737378,train
FastCharge_000055_CH20_structure.json,el150800460652,train
FastCharge_000002_CH34_structure.json,el150800737368,train
FastCharge_000006_CH43_structure.json,el150800737350,train
FastCharge_000008_CH47_structure.json,EL150800460485,train
FastCharge_000017_CH6_structure.json,el150800737377,train
FastCharge_000012_CH5_structure.json,el150800739495,test
FastCharge_000048_CH43_structure.json,EL150800463229,val
FastCharge_000033_CH14_structure.json,el150800460635,train
FastCharge_000017_CH46_structure.json,el150800737364,train
FastCharge_000009_CH7_structure.json,el150800460611,train
FastCharge_000050_CH32_structure.json,el150800737285,train
FastCharge_000017_CH25_structure.json,el150800737345,train
FastCharge_000048_CH44_structure.json,EL150800460647,train
FastCharge_000017_CH1_structure.json,el150800737277,train
FastCharge_000017_CH41_structure.json,el150800737297,train
FastCharge_000009_CH8_structure.json,el150800460596,val
FastCharge_000015_CH22_structure.json,el150800737319,train
FastCharge_000042_CH36_structure.json,el150800460628,train
FastCharge_000035_CH12_structure.json,el150800460673,train
FastCharge_000002_CH2_structure.json,el150800737315,test
FastCharge_000008_CH48_structure.json,EL150800460656,train
FastCharge_000017_CH9_structure.json,el150800739484,train
FastCharge_000012_CH23_structure.json,el150800737387,test
FastCharge_000059_CH33_structure.json,el150800460631,test
FastCharge_000015_CH20_structure.json,el150800737276,train
FastCharge_000057_CH36_structure.json,EL150800460481,train
FastCharge_000015_CH44_structure.json,el150800739477,val
FastCharge_000012_CH29_structure.json,el150800737275,train
FastCharge_000011_CH26_structure.json,el150800460604,train
FastCharge_000046_CH32_structure.json,EL150800460477,train
FastCharge_000049_CH37_structure.json,el150800460528,train
FastCharge_000012_CH21_structure.json,el150800737314,val
FastCharge_000012_CH45_structure.json,el150800737365,test
FastCharge_000015_CH28_structure.json,el150800737274,train
FastCharge_000052_CH41_structure.json,el150800460526,train
FastCharge_000019_CH30_structure.json,EL150800460436,train
FastCharge_000001_CH38_structure.json,el150800737234,train
FastCharge_000007_CH39_structure.json,el150800737320,train
FastCharge_000007_CH24_structure.json,el150800737386,train
FastCharge_000058_CH45_structure.json,EL150800460618,val
FastCharge_000006_CH48_structure.json,el150800737361,train
FastCharge_000001_CH30_structure.json,el150800737366,train
FastCharge_000002_CH7_structure.json,el150800737367,train
FastCharge_000031_CH9_structure.json,el150800460518,train
FastCharge_000028_CH19_structure.json,EL150800464898,val
FastCharge_000010_CH44_structure.json,el150800460498,train
FastCharge_000029_CH10_structure.json,EL150800463886,test
FastCharge_000050_CH40_structure.json,el150800737279,test
FastCharge_000047_CH21_structure.json,el150800460603,train
FastCharge_000009_CH4_structure.json,el150800460597,test
FastCharge_000002_CH47_structure.json,el150800737334,train
FastCharge_000038_CH13_structure.json,el150800460655,train
FastCharge_000003_CH40_structure.json,EL150800460622,train
FastCharge_000040_CH32_structure.json,el150800460608,train
FastCharge_000017_CH33_structure.json,el150800737299,train
FastCharge_000003_CH39_structure.json,EL150800460525,train
